id,name,active
1,anim_gazing_lookatsurfaces_getin_right_01_head_angle_-20,1
2,anim_observing_sides_area_01,1
3,anim_message_deleted_short_01,1
4,anim_heldonpalm_putdown_relaxed_01,1
5,anim_fastbump_loop_01,1
6,anim_hiking_driving_start_04,1
7,anim_hiking_driving_start_03,1
8,anim_lookinplaceforfaces_keepalive_long_04,1
9,anim_lookinplaceforfaces_keepalive_long_02,1
10,anim_lookinplaceforfaces_keepalive_long_03,1
11,anim_volume_stage_01,1
12,anim_keepaway_pounce_shake_02,1
13,anim_keepalive_eyes_01_updown,1
14,anim_tts_loop_02,1
15,anim_reacttoblock_react_01_head_angle_40,1
16,anim_blackjack_victorbust_01,1
17,anim_vc_reaction_nofaceheardyou_01,1
18,anim_reacttocliff_turnleft_60_01,1
19,anim_explorer_planning_getin_02,1
20,anim_eyepose_sad_instronspect,1
21,anim_launch_reacttocube,1
22,anim_howold_getin_even_01,1
23,anim_reacttoblock_ask_01_0,1
24,anim_keepaway_hit_reaction_01,1
25,anim_pause_idle_03,1
26,anim_gazing_lookatsurfaces_getin_left_01_head_angle_20,1
27,anim_explorer_scan_short_01,1
28,anim_explorer_scan_short_02,1
29,anim_explorer_idle_02_head_angle_-10,1
30,anim_reacttoblock_lifteffortpickup_01,1
31,anim_chargerdocking_requestgetout_01,1
32,anim_keepalive_eyes_01_forward,1
33,anim_reacttocliff_edge_04,1
34,anim_freeplay_reacttoface_sayname_03_head_angle_-20,1
35,anim_timercancel_getin_01,1
36,anim_snowglobe_loop_01,1
37,anim_rtsound_offcharger_asleep_60left_01,1
38,anim_knowledgegraph_searching_01,1
39,anim_petting_lvl3_getout_02,1
40,anim_hiking_observe_01,1
41,anim_reacttoface_unidentified_03_head_angle_40,1
42,anim_timerleft_getin_01,1
43,anim_reacttoface_unidentified_02_head_angle_-20,1
44,anim_cubedocking_drive_getout_01,1
45,anim_referencing_squint_01_head_angle_40,1
46,anim_eyecontact_smile_01_head_angle_-20,1
47,anim_dancebeat_headlift_01,1
48,anim_dancebeat_quit_01,1
49,anim_heldonpalm_relaxed_idle_01,1
50,anim_explorer_center_left_01,1
51,anim_eyecontact_giggle_01_head_angle_-20,1
52,anim_fistbump_requesttwice_01,1
53,anim_referencing_curious_01,1
54,anim_weather_windy_01,1
55,anim_power_offon_02,1
56,anim_movement_right_01,1
57,anim_lookinplaceforfaces_keepalive_medium_head_angle_-20,1
58,anim_cubeconnection_getin_01,1
59,anim_reacttocliff_sidestuck_getout_01,1
60,anim_gazing_lookatvector_reaction_01_head_angle_20,1
61,anim_reacttoblock_success_01,1
62,anim_referencing_curious_01_head_angle_20,1
63,anim_lookinplaceforfaces_keepalive_long_04_head_angle_40,1
64,anim_rtsound_oncharger_asleep_60right_01,1
65,anim_rtsound_offcharger_observe_left_01,1
66,anim_eyepose_sad,1
67,anim_eyecontact_smile_01_head_angle_20,1
68,anim_rtpickup_reaction_03,1
69,anim_rtpickup_reaction_02,1
70,anim_holiday_hyn_confetti_01,1
71,anim_knowledgegraph_listening_01,1
72,anim_getout_tts_02,1
73,anim_reacttoface_unidentified_01,1
74,anim_reacttoface_unidentified_02,1
75,anim_chargerdocking_severerequest_01,1
76,anim_reacttoblock_placeblock_01,1
77,anim_vc_listening_01,1
78,anim_photo_focus_01,1
79,anim_meetvictor_lookface_timeout_01,1
80,anim_nocloud_icon_01,1
81,anim_referencing_giggle_01_head_angle_-20,1
82,anim_lookinplaceforfaces_keepalive_medium_head_angle_40,1
83,anim_keepalive_eyes_01_right,1
84,anim_heldonpalm_transition2relaxed_01,1
85,anim_chargerdocking_leftturn_all,1
86,anim_gazing_lookatfaces_turn_left_01,1
87,anim_gotosleep_getout_01,1
88,anim_handdetection_getout_01,1
89,anim_dizzy_reaction_medium_02,1
90,anim_chargerdocking_comeoff_right_02,1
91,anim_dancebeat_cantdothat_01,1
92,anim_chargerdocking_comeoff_right_01,1
93,anim_lookinplaceforfaces_keepalive_long_02_head_angle_-20,1
94,anim_chargerdocking_searchforcharger_canthelp,1
95,anim_vc_listening_loop_02,1
96,anim_pounce_lookloop_03,1
97,anim_keepaway_getout_exit_01,1
98,anim_eyepose_determined,1
99,anim_eyecontact_lookloop_01,1
100,anim_eyecontact_lookloop_02,1
101,anim_findcube_searchforcubesturns_02,1
102,anim_findcube_searchforcubesturns_01,1
103,anim_dizzy_reaction_medium_03,1
104,anim_message_play_reaction_01,1
105,anim_eyepose_captivated,1
106,anim_chargerdocking_searchforchargerturns_01,1
107,anim_power_offon_03,1
108,anim_power_offon_04,1
109,anim_reacttocliff_turtlerollfail_03,1
110,anim_eyepose_angry,1
111,anim_lookinplaceforfaces_keepalive_short_head_angle_20,1
112,anim_rtmotion_lookright_01,1
113,anim_rtshake_drive_loop_02,1
114,anim_reacttoface_unidentified_03,1
115,anim_movement_lookinplaceforfaces_long,1
116,anim_onboarding_drive_to_face_01,1
117,anim_launch_startsleeping_01,1
118,anim_holiday_hh_lights_01,1
119,anim_holiday_hh_lights_02,1
120,anim_handdetection_reaction_02,1
121,anim_reacttocliff_edge_01,1
122,anim_rtsound_oncharger_observe_right_01,1
123,anim_reacttocliff_stuckonedge_right_getin_01,1
124,anim_rtsound_oncharger_observe_30right_01,1
125,anim_reacttocliff_stuckonedge_01,1
126,anim_reacttocliff_wheely_03,1
127,anim_reacttocliff_wheely_01,1
128,anim_dancebeat_headliftbody_back_01,1
129,anim_blackjack_idle_01,1
130,anim_rtpickup_putdown_02,1
131,anim_timersup_beep_01,1
132,anim_fastbump_getin_01,1
133,anim_chargerdocking_severergetout_01,1
134,anim_pounce_lookloop_02,1
135,anim_reacttoblock_dropfail_02,1
136,anim_gazing_lookatsurface_reaction_02,1
137,anim_reacttocliff_wheely_02,1
138,anim_hiking_driving_end_01,1
139,anim_reacttocliff_stuckonedge_left_01,1
140,anim_reacttoblock_putdown2nd_01,1
141,anim_gotosleep_getout_04,1
142,anim_reacttoblock_react_01_head_angle_-20,1
143,anim_reacttocliff_faceplantroll_02,1
144,anim_rtpickup_loop_05,1
145,anim_onboarding_reacttoface_happy_01,1
146,anim_rtpickup_loop_08,1
147,anim_rtsound_oncharger_asleep_left_01,1
148,anim_gazing_lookatvector_reaction_01,1
149,anim_movement_lookinplaceforfaces_short_head_angle_40,1
150,anim_dancebeat_headliftbody_fwd_01,1
151,anim_reacttocliff_stuckrightside_03,1
152,anim_onboarding_wakeword_getout_02,1
153,anim_reacttocliff_stuckonedge_getin_01,1
154,anim_rtshake_lv2pregetout_01,1
155,anim_reacttocliff_pickup_05,1
156,anim_slowpoke_getout_02,1
157,anim_reacttocliff_pickup_06,1
158,anim_volume_stage_05,1
159,anim_rtsound_offcharger_asleep_behind_left_01,1
160,anim_chargerdocking_comeoff_straight_01,1
161,anim_rtsound_offcharger_asleep_150right_01,1
162,anim_lookinplaceforfaces_keepalive_long_03_head_angle_20,1
163,anim_chargerdocking_comeoff_straight_02,1
164,anim_dancebeat_pivot_right_01,1
165,anim_explorer_idle_01_head_angle_30,1
166,anim_rtsound_oncharger_asleep_front_01,1
167,anim_rtsound_offcharger_observe_front_01,1
168,anim_chargerdocking_rightturn_01,1
169,anim_keepaway_idle_side_02,1
170,anim_onboarding_wakeup_01,1
171,anim_keepaway_driving_loop_02,1
172,anim_onboarding_wakeword_loop_02,1
173,anim_snowglobe_getin_01,1
174,anim_blackjack_victorbjackwin_01,1
175,anim_freeplay_reacttoface_sayname_03_head_angle_40,1
176,anim_rtp_blackjack_idle_01,1
177,anim_blackjack_victorlose_01,1
178,anim_meetvictor_lookface_loop_02,1
179,anim_feedback_shutup_01,1
180,anim_reacttocliff_faceplantroll_armup_02,1
181,anim_inspectheldcube_getin_01,1
182,anim_rtsound_offcharger_asleep_ambient_01,1
183,anim_qa_sync_lift,1
184,anim_rtsound_oncharger_observe_120right_01,1
185,playpenFailAnim,1
186,anim_eyecontact_squint_01_head_angle_40,1
187,anim_keepaway_pounce_quick_01,1
188,anim_heldonpalm_getin_relaxed_01,1
189,anim_cubeconnection_connectionlost_01,1
190,anim_fistbump_success_01,1
191,anim_fistbump_success_03,1
192,anim_feedback_goodrobot_02,1
193,anim_onboarding_cube_drive_getin_01,1
194,anim_dancebeat_getin_01,1
195,anim_movement_comehere_greeting_02,1
196,anim_timerleft_getout_01,1
197,anim_qa_sync_5sec,1
198,anim_pounce_success_03,1
199,anim_movement_alreadyhere_01_head_angle_40,1
200,anim_meetvictor_alreadyknowbob_01,1
201,anim_chargerdocking_searchforchargerturns_default_getout,1
202,anim_referencing_smile_01,1
203,anim_reacttoface_unidentified_01_head_angle_40,1
204,anim_eyecontact_lookloop_02_head_angle_20,1
205,anim_lookinplaceforfaces_keepalive_short,1
206,anim_chargerdocking_searchforchargerturns_default_03,1
207,anim_onboarding_lookdown_lookaround_loop_01,1
208,anim_pounce_success_01,1
209,anim_rtshake_lv3loop_01,1
210,anim_nowifi_signal_01,1
211,anim_feedback_badrobot_02,1
212,anim_communication_cantdothat_04,1
213,anim_rtsound_oncharger_asleep_150left_01,1
214,anim_gotosleep_wakeup_01,1
215,anim_message_announce_toplayer_01,1
216,anim_chargerdocking_searchforchargerturns_default_loop_01,1
217,anim_movement_comehere_01,1
218,anim_rtsound_offcharger_asleep_150left_01,1
219,anim_knowledgegraph_fail_getout_01,1
220,anim_reacttoblock_focusedeyes_01,1
221,anim_fistbump_requestonce_01,1
222,anim_pause_idle_01,1
223,anim_reacttocliff_reaction_front_right_01,1
224,anim_rtsound_oncharger_asleep_150right_01,1
225,anim_chargerdocking_searchforchargerturns_03,1
226,anim_movement_alreadyhere_01,1
227,anim_wakeword_loop_01,1
228,anim_greeting_goodmorning_02,1
229,anim_explorer_scan_short_04,1
230,anim_launch_wakeup_startdriving_01,1
231,anim_onboarding_reacttoface_happy_01_head_angle_20,1
232,anim_rtpickup_loop_01,1
233,anim_vc_reaction_nofaceheardyou_getout_01,1
234,anim_communication_cantdothat_02,1
235,anim_slowpoke_getout_04,1
236,anim_reacttoblock_dropfail_01,1
237,anim_movement_reacttoface_01_head_angle_-20,1
238,anim_eyepose_blink_low,1
239,anim_lookinplaceforfaces_keepalive_medium,1
240,anim_movement_alreadyhere_01_head_angle_20,1
241,anim_eyepose_blink_bd_l,1
242,anim_nowifi_getin_02,1
243,anim_keepaway_getin_focus_01,1
244,anim_keepaway_getout_loseinterest_01,1
245,anim_reacttocliff_stuckrightside_01,1
246,anim_keepaway_driving_loop_03,1
247,anim_slowpoke_getout_01,1
248,anim_inspectheldcube_loop_01,1
249,anim_eyepose_normal_l_push,1
250,anim_gotosleep_getout_02,1
251,anim_nowifi_trouble_icon_01,1
252,anim_explorer_idle_02_head_angle_30,1
253,anim_blackjack_swipe_01,1
254,anim_gotosleep_getin_01,1
255,anim_reacttocliff_stuckonedge_left_02,1
256,anim_slowpoke_getout_03,1
257,anim_reacttoface_unidentified_03_head_angle_20,1
258,anim_feedback_meanwords_02,1
259,anim_timer_emote_01,1
260,anim_chargerdocking_settle_01,1
261,anim_feedback_apology_01,1
262,anim_explorer_idle_03_head_angle_10,1
263,anim_rtshake_lv3rtonground_01,1
264,anim_triple_backup,1
265,anim_gazing_lookatsurface_reaction_01,1
266,anim_feedback_apology_02,1
267,anim_freeplay_reacttoface_sayname_03_head_angle_20,1
268,anim_gazing_lookatsurfaces_turn_right_01,1
269,anim_wakeword_getin_01,1
270,anim_lowlightcharger_search_loop_02,1
271,anim_dizzy_shake_stop_01,1
272,anim_dancebeat_getout_02,1
273,anim_explorer_scan_right_02,1
274,anim_greeting_goodnight_02,1
275,anim_meetvictor_lookface_loop_03,1
276,anim_feedback_badrobot_01,1
277,anim_keepalive_eyesonly_loop_03,1
278,anim_rtsound_offcharger_observe_120right_01,1
279,anim_keepalive_eyesonly_loop_02,1
280,anim_chargerdocking_requestwait_01,1
281,anim_message_getout_01,1
282,anim_eyepose_normal_l,1
283,anim_reacttocliff_turtleroll_02,1
284,anim_reacttocliff_pickup_02,1
285,anim_lookinplaceforfaces_keepalive_long_02_head_angle_40,1
286,anim_heldonpalm_pickup_nervous_01,1
287,anim_fistbump_idle_03,1
288,anim_slowpoke_getin_02,1
289,anim_fistbump_idle_01,1
290,anim_slowbump_getin_01,1
291,anim_fistbump_getin_01,1
292,anim_reacttocliff_stuckrightside_02,1
293,anim_fistbump_requestoncelong_01,1
294,anim_reacttocliff_turnright_60_01,1
295,anim_lookinplaceforfaces_keepalive_long_head_angle_20,1
296,anim_eyepose_frustrated,1
297,anim_loco_driving01_start_01,1
298,anim_blackjack_speech_01,1
299,anim_reacttocliff_reaction_front_left_01,1
300,anim_eyepose_suspicious,1
301,anim_reacttoblock_happydetermined_01,1
302,anim_reacttocliff_faceplantroll_01,1
303,anim_rtmotion_lookleft_01,1
304,anim_fastbump_getout_01,1
305,anim_referencing_squint_02_head_angle_40,1
306,anim_launch_drivingloop_01,1
307,anim_launch_drivingloop_02,1
308,anim_freeplay_reacttoface_identified_01,1
309,anim_freeplay_reacttoface_identified_02,1
310,anim_reacttoblock_reacttocharger_01,1
311,anim_gazing_lookatsurfaces_getin_left_01_head_angle_-20,1
312,anim_keepalive_eyesonly_loop_01,1
313,anim_eyecontact_lookloop_02_head_angle_-20,1
314,anim_referencing_squint_01_head_angle_20,1
315,anim_chargerdocking_searchforchargerturns_default_loop_02,1
316,anim_fistbump_fail_01,1
317,anim_reacttocliff_sidestuck_effort_02,1
318,anim_reacttocliff_sidestuck_effort_01,1
319,anim_handdetection_reaction_01,1
320,anim_generic_look_up_idle_02,1
321,anim_meetvictor_getin_01,1
322,anim_movement_reacttoface_01,1
323,anim_movement_reacttoface_01_head_angle_40,1
324,anim_gotosleep_off_01,1
325,anim_pounce_drive_03,1
326,anim_observe_onchager_getin_01,1
327,anim_reacttoface_unidentified_02_head_angle_20,1
328,anim_rtpickup_loop_03,1
329,anim_cubedocking_fail_01,1
330,anim_inspectheldcube_loop_03,1
331,anim_rtshake_drive_getin_01,1
332,anim_micstate_micoff_01,1
333,anim_keepaway_getreadyset_01,1
334,anim_reacttocliff_edge_03,1
335,anim_dancebeat_eyebeat_left_01,1
336,anim_chargerdocking_pickup_01,1
337,anim_hiking_driving_loop_04,1
338,anim_reacttocliff_edge_02,1
339,anim_greeting_goodbye_01,1
340,anim_rtp_blackjack_timeout_01,1
341,anim_rtpickup_loop_07,1
342,anim_sdk_speak_01,1
343,anim_greeting_goodbye_02,1
344,anim_nowifi_getin_01,1
345,anim_wakeword_getout_01,1
346,anim_rtpickup_loop_06,1
347,anim_chargerdocking_severergetout_02,1
348,anim_loco_driving01_end_01,1
349,anim_rtshake_drive_loop_01,1
350,anim_slowbump_getinforward_01,1
351,anim_rtsound_offcharger_asleep_behind_right_01,1
352,anim_explorer_huh_close_01,1
353,anim_reacttocliff_stuckleftside_01,1
354,anim_reacttocliff_stuckonedge_left_getin_01,1
355,anim_reacttoblock_react_short_01,1
356,anim_observing_around_subtle_02,1
357,anim_dancebeat_getin_02,1
358,anim_observing_nearby_area_01,1
359,anim_eyepose_asleep,1
360,anim_timerset_getin_01,1
361,anim_observing_around_subtle_01,1
362,anim_feedback_shutup_02,1
363,anim_lowlightcharger_search_getout_01,1
364,anim_eyepose_sad_up,1
365,anim_dancebeat_headliftbody_left_small_01,1
366,anim_eyepose_blink_high,1
367,anim_rtpickup_putdown_01,1
368,anim_onboarding_wakeword_getin_01,1
369,anim_lowlightcharger_search_loop_01,1
370,anim_rtsound_oncharger_observe_behind_right_01,1
371,anim_qa_firmwaremessaging_01,1
372,anim_petting_lvl4_01,1
373,anim_cubeconnection_loop_03,1
374,anim_codelab_getout_01,1
375,anim_turn_to_motion_pounce_right_01,1
376,anim_launch_wakeup_01,1
377,anim_launch_wakeup_04,1
378,anim_rtillumination_lightonwakeup_01,1
379,anim_eyepose_shocked,1
380,anim_gazing_lookatfaces_turn_right_01,1
381,anim_launch_wakeup_03,1
382,anim_launch_wakeup_05,1
383,anim_launch_wakeup_drivingloop_02,1
384,anim_keepaway_pounce_getin_01,1
385,anim_handdetection_lift_01,1
386,anim_rtsound_offcharger_observe_60left_01,1
387,anim_reacttocliff_turnleft_120_01,1
388,anim_reacttocliff_stuckleftside_03,1
389,anim_feedback_iloveyou_01,1
390,anim_reacttoface_unidentified_02_head_angle_40,1
391,anim_freeplay_reacttoface_sayname_02_head_angle_40,1
392,anim_hiking_driving_loop_05,1
393,anim_reacttoblock_lifteffortplacehigh_01,1
394,anim_blackjack_goodluck_01,1
395,anim_onboarding_eyecontact_loop_getout_01,1
396,anim_freeplay_reacttoface_sayname_02_head_angle_-20,1
397,anim_turn_to_motion_pounce_left_01,1
398,anim_blackjack_quit_01,1
399,anim_meetvictor_sayname02_04,1
400,anim_blackjack_getin_01,1
401,anim_wakeword_groggyeyes_getout_01,1
402,anim_chargerdocking_liftup_01,1
403,anim_eyepose_happy,1
404,anim_explorer_huh_far_01,1
405,anim_look_right_01,1
406,anim_face_sleeping,1
407,anim_dancebeat_eyebeat_01,1
408,anim_referencing_smile_01_head_angle_-20,1
409,anim_wakeword_idk_02,1
410,anim_explorer_scan_left_02,1
411,anim_rtshake_lv1pregetout_01,1
412,anim_explorer_scan_left_01,1
413,anim_eyecontact_giggle_01_head_angle_20,1
414,anim_keepaway_idle_inplace_03,1
415,anim_loco_driving01_loop_03,1
416,anim_rtpickup_loop_02,1
417,anim_explorer_idle_03_head_angle_40,1
418,anim_explorer_idle_01,1
419,anim_micstate_micon_01,1
420,anim_rtsound_offcharger_observe_right_01,1
421,anim_rtpickup_putdown_03,1
422,anim_rtsound_offcharger_asleep_left_01,1
423,anim_loco_driving01_loop_01,1
424,anim_rtmotion_turn45right_01,1
425,anim_reacttocliff_pickup_04,1
426,anim_findcube_searchforcubesturns_03,1
427,anim_cube_psychic_01,1
428,anim_eyecontact_lookloop_01_head_angle_-20,1
429,anim_explorer_lookaround_01,1
430,anim_reacttoblock_happydetermined_02,1
431,anim_pounce_drive_02,1
432,anim_eyepose_normal_r,1
433,anim_dancebeat_headliftbody_right_small_01,1
434,anim_referencing_squint_02_head_angle_20,1
435,anim_heldonpalm_jolt_01,1
436,anim_eyepose_scared,1
437,anim_meetvictor_sayname02_02,1
438,anim_communication_cantdothat_03,1
439,anim_qa_sync_head,1
440,anim_lowlightcharger_search_getin_01,1
441,anim_cubeconnection_connectionsuccess_01,1
442,anim_fistbump_idle_02,1
443,anim_rtillumination_lighttodark_01,1
444,anim_onboarding_wakeword_getout_01,1
445,anim_movement_lookinplaceforfaces_long_head_angle_40,1
446,anim_eyecolorreact_switch_01,1
447,anim_heldonpalm_getin_nervous_01,1
448,anim_explorer_planning_idle_01,1
449,anim_reacttoblock_lifteffortplacelow_01,1
450,anim_pounce_success_04,1
451,anim_observing_far_subtle_01,1
452,anim_rtsound_offcharger_observe_150left_01,1
453,anim_hiking_driving_end_02,1
454,anim_eyepose_normal_r_push,1
455,anim_eyepose_bothered,1
456,anim_rtsound_oncharger_asleep_ambient_01,1
457,anim_timersup_getout_01,1
458,anim_wakeword_turn_right_135degrees_01,1
459,anim_referencing_smile_01_head_angle_20,1
460,anim_rtsound_offcharger_observe_120left_01,1
461,anim_petting_lvl4_getout_01,1
462,anim_movement_getout_01,1
463,anim_eyepose_awe,1
464,anim_timer_beep_01,1
465,anim_eyepose_blink,1
466,anim_reacttocliff_pickup_01,1
467,anim_keepaway_getout_engaged_01,1
468,anim_blackjack_deal_01,1
469,anim_timer_beep_02,1
470,anim_dizzy_reaction_soft_01,1
471,anim_dizzy_reaction_soft_02,1
472,anim_chargerdocking_searchforchargerturns_default_02,1
473,anim_dizzy_reaction_soft_03,1
474,anim_cube_drive_getin_01,1
475,anim_driving_upset_loop_02,1
476,anim_rtmotion_left_getout_01,1
477,anim_knowledgegraph_fail_01,1
478,anim_driving_upset_loop_01,1
479,anim_eyecontact_smile_01_head_angle_40,1
480,anim_eyepose_curious,1
481,anim_movement_comehere_greeting_01,1
482,anim_hiking_react_04,1
483,anim_eyepose_joy,1
484,anim_gazing_lookatfaces_getin_left_01_head_angle_40,1
485,anim_wakeword_turn_left_45degrees_01,1
486,anim_gazing_lookatsurfaces_turn_left_01,1
487,anim_wakeword_idk_03,1
488,anim_referencing_smile_01_head_angle_40,1
489,anim_slowpoke_loop_03,1
490,anim_qa_reset_to_neutral,1
491,anim_gazing_lookatvector_reaction_01_head_angle_40,1
492,anim_rtpickup_putdown_04,1
493,anim_petting_lvl2_01,1
494,anim_rtmotion_forwardup_01,1
495,anim_greeting_hello_01,1
496,anim_greeting_hello_02,1
497,anim_weather_cloud_01,1
498,anim_movement_lookinplaceforfaces_medium_head_angle_20,1
499,anim_generic_look_stright_01,1
500,anim_freeplay_reacttoface_sayname_02_head_angle_20,1
501,anim_slowpoke_getin_03,1
502,anim_weather_stars_01,1
503,anim_weather_snow_01,1
504,anim_explorer_idle_02,1
505,anim_snowglobe_rtonhand_01,1
506,soundTestAnim,1
507,anim_wakeword_turn_right_45degrees_01,1
508,anim_reacttocliff_turtlerollfail_01,1
509,anim_movement_alreadyhere_01_head_angle_-20,1
510,anim_reacttocliff_reaction_back_01,1
511,anim_onboarding_cube_drive_loop_01,1
512,anim_blackjack_victorwin_01,1
513,anim_referencing_squint_01_head_angle_-20,1
514,anim_pounce_success_02,1
515,anim_blackjack_ok_01,1
516,anim_qa_head_updown_alt,1
517,anim_rtshake_lv1rtonhand_01,1
518,anim_explorer_idle_02_head_angle_-20,1
519,anim_petting_lvl2_getout_01,1
520,anim_chargerdocking_request1_01,1
521,anim_rtsound_offcharger_asleep_right_01,1
522,anim_gotosleep_sleeping_02,1
523,anim_observing_distance_area_01,1
524,anim_freeplay_reacttoface_sayname_01_head_angle_-20,1
525,anim_explorer_idle_02_head_angle_40,1
526,anim_onboarding_cube_psychic_01,1
527,anim_keepaway_driving_loop_01,1
528,anim_keepaway_pounce_slow_05,1
529,anim_dancebeat_listening_01,1
530,anim_slowbump_getout_01,1
531,anim_feedback_bequiet_01,1
532,anim_wakeword_idk_01,1
533,anim_inspectheldcube_timeout_01,1
534,anim_movement_lookinplaceforfaces_long_head_angle_20,1
535,anim_onboarding_cube_success_getout_01,1
536,anim_holiday_hny_fireworks_01,1
537,anim_movement_forward_01,1
538,anim_launch_wakeup_drivingloop_01,1
539,anim_referencing_squint_02,1
540,anim_lookatphone_loop_01,1
541,anim_eyepose_worried,1
542,anim_meetvictor_sayname_03,1
543,anim_explorer_scan_right_01,1
544,anim_freeplay_reacttoface_sayname_01_head_angle_40,1
545,anim_pounce_lookgetout_01,1
546,anim_dancebeat_headliftbody_right_large_01,1
547,anim_explorer_idle_01_head_angle_-20,1
548,anim_rtp_blackjack_playeryes_01,1
549,anim_power_onoff_01,1
550,anim_keepaway_bored_idle_02,1
551,anim_hiking_driving_loop_03,1
552,anim_keepaway_getout_frustrated_01,1
553,anim_rtsound_oncharger_observe_120left_01,1
554,anim_reacttoblock_lifteffortroll_01,1
555,anim_howold_getin_odd_01,1
556,anim_neutral_eyes_01,1
557,anim_lookinplaceforfaces_keepalive_long_03_head_angle_40,1
558,anim_keepaway_idle_glance_01,1
559,anim_launch_drivingloop_03,1
560,anim_volume_stage_min,1
561,anim_knowledgegraph_answer_01,1
562,anim_dizzy_pickup_03,1
563,anim_pause_idle_02,1
564,anim_hiking_driving_loop_06,1
565,anim_rtshake_drive_getout_01,1
566,anim_onboarding_eyecontact_loop_01,1
567,anim_codelab_getin_01,1
568,anim_lookinplaceforfaces_keepalive_short_head_angle_-20,1
569,anim_slowpoke_getin_01,1
570,anim_slowpoke_loop_01,1
571,anim_reacttoblock_dropsuccess_01,1
572,anim_eyecontact_squint_01_head_angle_20,1
573,anim_eyecontact_lookloop_02_head_angle_40,1
574,anim_heldonpalm_rolloff_01,1
575,anim_dancebeat_scoot_left_01,1
576,anim_eyecontact_squint_01,1
577,anim_feedback_meanwords_01,1
578,anim_rtp_blackjack_playerno_01,1
579,anim_message_record_reaction_01,1
580,anim_wakeword_groggyeyes_listenloop_01,1
581,anim_eyepose_focused,1
582,anim_eyecontact_smile_01,1
583,anim_powersavemode_temperature_01,1
584,anim_timercancel_02,1
585,anim_onboarding_lookaround_loop_01,1
586,anim_referencing_giggle_01,1
587,anim_reacttoblock_react_01_head_angle_20,1
588,anim_spinner_tap_01,1
589,anim_reacttocliff_turtleroll_04,1
590,anim_rtsound_offcharger_asleep_120left_01,1
591,anim_generic_look_up_idle_01,1
592,anim_rtpickup_loop_04,1
593,anim_hiking_lookaround_03,1
594,anim_keepaway_bored_idle_01,1
595,anim_wakeword_turn_left_01,1
596,anim_eyecolorreact_getout_01,1
597,anim_volume_stage_04,1
598,anim_handdetection_drive_loop_01,1
599,anim_rtpkeepaway_reacttocube_03,1
600,anim_greeting_goodnight_01,1
601,anim_driving_upset_loop_03,1
602,anim_chargerdocking_comeoff_straight_03,1
603,anim_reacttocliff_stuckonedge_alert_left_01,1
604,anim_inspectheldcube_loop_04,1
605,anim_qa_sync_treads,1
606,anim_qa_lift_updown,1
607,anim_reacttocliff_reaction_rear_left_01,1
608,anim_dancebeat_getready_01,1
609,anim_hiking_driving_start_01,1
610,anim_rtshake_getin_01,1
611,anim_movement_lookinplaceforfaces_long_head_angle_-20,1
612,anim_cubeconnection_connectionfailure_01,1
613,anim_explorer_center_right_01,1
614,anim_knowledgegraph_getin_01,1
615,anim_pairing_icon_update_error,1
616,anim_dancebeat_getout_01,1
617,anim_explorer_idle_01_head_angle_-10,1
618,anim_explorer_idle_03_head_angle_30,1
619,anim_observing_self_absorbed_01,1
620,anim_rtmotion_lookup_01,1
621,anim_eyepose_unsure,1
622,anim_rtmotion_right_getout_01,1
623,anim_wakeword_turn_left_135degrees_01,1
624,anim_volume_stage_02,1
625,anim_explorer_idle_03,1
626,anim_meetvictor_getin_01_head_angle_40,1
627,anim_gazing_lookatsurfaces_getin_right_01,1
628,anim_keepaway_stopshort_01,1
629,anim_dancebeat_listening_02,1
630,anim_weather_sunny_01,1
631,anim_gazing_lookatsurfaces_getin_left_01,1
632,anim_explorer_planning_getout_02,1
633,anim_pounce_fail_02,1
634,anim_pounce_fail_03,1
635,anim_pounce_fail_01,1
636,anim_movement_lookinplaceforfaces_short_head_angle_-20,1
637,anim_cube_success_getout_01,1
638,anim_weather_thunderstorm_01,1
639,anim_movement_lookinplaceforfaces_medium_head_angle_-20,1
640,anim_lookinplaceforfaces_keepalive_long_head_angle_40,1
641,anim_dancebeat_headnod_down_01,1
642,anim_onboarding_drive_getout_01,1
643,anim_movement_reacttoface_01_head_angle_20,1
644,anim_sudden_obstacle_react_02,1
645,anim_movement_left_02,1
646,anim_greeting_imhome_01,1
647,anim_findcube_request_01,1
648,anim_eyecolorreact_getin_01,1
649,anim_sudden_obstacle_react_01,1
650,anim_reacttocliff_huh_01,1
651,anim_rtsound_oncharger_asleep_behind_right_01,1
652,anim_gazing_lookatfaces_getin_left_01_head_angle_-20,1
653,anim_reacttocliff_turnleft_180_01,1
654,anim_hiking_react_07,1
655,anim_knowledgegraph_searching_getout_01,1
656,anim_reacttocliff_stuckonedge_alert_right_01,1
657,anim_explorer_idle_01_head_angle_20,1
658,anim_reacttocliff_turnright_120_01,1
659,anim_dancebeat_eyebeat_right_01,1
660,anim_gotosleep_getout_03,1
661,anim_reacttocliff_stuckonedge_alert_01,1
662,anim_rtsound_oncharger_asleep_60left_01,1
663,anim_onboarding_driveoff_charger_01,1
664,anim_eyepose_blink_bd_r,1
665,anim_gotosleep_sleeploop_01,1
666,anim_freeplay_reacttoface_identified_03,1
667,anim_hiking_lookaround_02,1
668,anim_hiking_react_05,1
669,anim_loco_driving01_loop_02,1
670,anim_gotosleep_sleeping_05,1
671,anim_movement_lookinplaceforfaces_short_head_angle_20,1
672,anim_freeplay_reacttoface_sayname_01_head_angle_20,1
673,anim_explorer_planning_getout_01,1
674,anim_rtsound_offcharger_observe_behind_left_01,1
675,anim_snowglobe_rtonground_01,1
676,anim_rtsound_oncharger_asleep_behind_left_01,1
677,anim_vc_laser_lookdown_01,1
678,anim_wakeword_loop_02,1
679,anim_hiking_driving_loop_02,1
680,anim_referencing_squint_01,1
681,anim_vc_listening_getout_01,1
682,anim_blackjack_victorbjacklose_01,1
683,anim_reacttocliff_turtleroll_05,1
684,anim_petting_bliss_getout_02,1
685,anim_wakeword_groggyeyes_getin_01,1
686,anim_reacttocliff_stuckonedge_right_01,1
687,anim_lookinplaceforfaces_keepalive_long_03_head_angle_-20,1
688,anim_dizzy_reaction_medium_01,1
689,anim_explorer_idle_01_head_angle_10,1
690,anim_keepaway_pounce_mousetrap_04,1
691,anim_cubeconnection_loop_01,1
692,anim_petting_lvl2_getout_02,1
693,anim_qa_sync_5_10_50,1
694,anim_onboarding_wakeword_loop_01,1
695,anim_heldonpalm_pickup_relaxed_01,1
696,anim_meetvictor_sayname02_01,1
697,anim_dancebeat_headnod_01,1
698,anim_eyepose_startled,1
699,anim_rtsound_offcharger_observe_ambient_01,1
700,anim_chargerdocking_comeoff_left_02,1
701,anim_dancebeat_headliftbody_left_large_01,1
702,anim_gazing_lookatvector_reaction_01_head_angle_-20,1
703,anim_eyecontact_lookloop_01_head_angle_40,1
704,anim_petting_lvl3_getout_01,1
705,anim_reacttocliff_stop_02,1
706,anim_movement_backward_01,1
707,anim_chargerdocking_rightturn_all,1
708,anim_rtsound_oncharger_observe_150left_01,1
709,anim_rtshake_lv2rtonground_01,1
710,anim_launch_cubediscovery,1
711,anim_rtsound_offcharger_observe_30right_01,1
712,anim_hiking_react_02,1
713,anim_weather_rain_01,1
714,anim_hiking_react_03,1
715,anim_petting_lvl1_getout_01,1
716,anim_hiking_react_01,1
717,anim_reacttocliff_edgeliftup_01,1
718,anim_gazing_lookatsurfaces_getin_left_01_head_angle_40,1
719,anim_reacttocliff_turtleroll_01,1
720,anim_movement_lookinplaceforfaces_short,1
721,anim_eyepose_bliss,1
722,anim_wakeword_idk_04,1
723,anim_heldonpalm_looking_nervous_01,1
724,anim_look_left_01,1
725,anim_launch_reacttoputdown,1
726,anim_pounce_fail_04,1
727,anim_pounce_lookloop_01,1
728,anim_dancebeat_listening_03,1
729,anim_lookinplaceforfaces_keepalive_short_head_angle_40,1
730,anim_lookatphone_getout_01,1
731,anim_petting_lvl1_01,1
732,anim_rtpickup_loop_10,1
733,anim_gazing_lookatfaces_getin_right_01_head_angle_-20,1
734,anim_rtmotion_up_getout_01,1
735,anim_slowbump_loop_01,1
736,anim_keepalive_blink_01,1
737,anim_rtsound_oncharger_observe_60left_01,1
738,anim_hiking_react_06,1
739,anim_snowglobe_pregetout_01,1
740,anim_rtsound_offcharger_asleep_60right_01,1
741,anim_timersup_getin_02,1
742,anim_timersup_getin_01,1
743,anim_feedback_bequiet_02,1
744,anim_reacttoblock_admirecubetower_01,1
745,anim_explorer_scan_short_03,1
746,anim_rtsound_oncharger_observe_behind_left_01,1
747,anim_rtshake_drive_loop_03,1
748,anim_timerset_getout_01,1
749,anim_pounce_long_01,1
750,anim_reacttoface_unidentified_01_head_angle_20,1
751,anim_meetvictor_sayname_04,1
752,anim_inspectheldcube_cubemissing_01,1
753,anim_rtsound_oncharger_asleep_right_01,1
754,anim_rtsound_oncharger_asleep_120left_01,1
755,anim_rtsound_oncharger_observe_front_01,1
756,anim_dizzy_reaction_hard_01,1
757,anim_blackjack_spread_01,1
758,anim_photo_shutter_01,1
759,anim_hiking_driving_start_02,1
760,anim_meetvictor_getin_01_head_angle_-20,1
761,anim_gazing_lookatfaces_getin_right_01_head_angle_40,1
762,anim_onboarding_cube_reacttocube,1
763,anim_qa_head_updown,1
764,anim_communication_pickup_cantdothat_01,1
765,anim_eyepose_sad_down01,1
766,anim_eyecontact_giggle_01,1
767,anim_explorer_idle_02_head_angle_20,1
768,anim_reacttohabitat_subtle_01,1
769,anim_driving_upset_end_01,1
770,anim_knowledgegraph_success_01,1
771,anim_movement_turnaround_01,1
772,anim_lookinplaceforfaces_keepalive_long_head_angle_-20,1
773,anim_gotosleep_sleeping_01,1
774,anim_explorer_idle_01_head_angle_40,1
775,anim_nowifi_icon_01,1
776,anim_onboarding_driveoff_charger_alt_01,1
777,anim_knowledgegraph_getout_01,1
778,anim_dancebeat_scoot_right_01,1
779,anim_petting_blissloop_03,1
780,anim_tts_loop_01,1
781,anim_dizzy_shake_loop_01,1
782,anim_petting_lvl3_01,1
783,anim_fistbump_success_02,1
784,anim_rtsound_oncharger_observe_left_01,1
785,anim_rtshake_lv3rtonhand_01,1
786,anim_gazing_lookatfaces_getin_left_01_head_angle_20,1
787,anim_reacttocliff_reaction_rear_right_01,1
788,anim_reacttocliff_stuckonedge_02,1
789,anim_qa_lift_updown_alt,1
790,anim_howold_getout_01,1
791,anim_inspectheldcube_cubeonground_01,1
792,anim_keepaway_stopshort_02,1
793,anim_launch_sleeping_01,1
794,anim_rtpickup_loop_09,1
795,anim_rtsound_oncharger_asleep_30left_01,1
796,anim_rtsound_offcharger_observe_60right_01,1
797,anim_handdetection_getin_01,1
798,anim_laser_drive_01,1
799,anim_laser_drive_03,1
800,anim_explorer_planning_getin_01,1
801,anim_lookinplaceforfaces_keepalive_medium_head_angle_20,1
802,anim_freeplay_reacttoface_sayname_01,1
803,anim_rtsound_oncharger_observe_60right_01,1
804,anim_keepaway_getout_satisfied_01,1
805,anim_reacttocliff_faceplantroll_armup_01,1
806,anim_heldonpalm_putdown_nervous_01,1
807,anim_dancebeat_headliftbody_left_med_01,1
808,anim_laser_drive_02,1
809,anim_keepalive_eyesonly_loop_04,1
810,anim_reacttocliff_stuckrightside_getin_01,1
811,anim_rtsound_oncharger_asleep_120right_01,1
812,anim_observing_nearby_area_02,1
813,anim_reacttocliff_turtlerollfail_02,1
814,anim_reacttocliff_stuckonedge_right_02,1
815,anim_reacttocliff_stuckleftside_getin_01,1
816,anim_gazing_lookatsurfaces_getin_right_01_head_angle_20,1
817,anim_pounce_01,1
818,anim_eyecontact_giggle_01_head_angle_40,1
819,anim_meetvictor_lookface_interrupted_01,1
820,anim_rtsound_offcharger_asleep_30right_01,1
821,anim_launch_enddriving_01,1
822,anim_inspectheldcube_loop_02,1
823,anim_eyepose_scrutinizing,1
824,anim_gazing_lookatfaces_getin_right_01,1
825,anim_pounce_drive_01,1
826,anim_rtsound_offcharger_observe_behind_right_01,1
827,anim_reacttocliff_turtleroll_03,1
828,anim_reacttoface_unidentified_01_head_angle_-20,1
829,anim_onboarding_reacttoface_happy_01_head_angle_40,1
830,anim_eyepose_furious,1
831,anim_eyecontact_lookloop_01_head_angle_20,1
832,anim_rtpkeepaway_reacttocube_02,1
833,anim_message_getin_01,1
834,anim_heldonpalm_nestling_01,1
835,anim_message_loop_01,1
836,anim_rtsound_oncharger_observe_ambient_01,1
837,anim_eyecolorreact_idle_01,1
838,anim_dancebeat_headliftbody_right_med_01,1
839,anim_howold_fastloop_01,1
840,anim_chargerdocking_comeoff_left_01,1
841,anim_movement_comehere_reaction_01,1
842,anim_cubeconnection_loop_04,1
843,anim_weather_cold_01,1
844,anim_power_offon_01,1
845,anim_reacttocliff_pickup_03,1
846,anim_rtshake_lv1rtonground_01,1
847,anim_rtshake_lv1loop_01,1
848,anim_message_rewind_01,1
849,anim_gazing_lookatfaces_getin_left_01,1
850,anim_timerset_getin_02,1
851,anim_keepaway_miss_reaction_01,1
852,anim_lookinplaceforfaces_keepalive_long_04_head_angle_20,1
853,anim_qa_sync_3_30_30,1
854,anim_rtsound_offcharger_observe_150right_01,1
855,anim_rtshake_lv3pregetout_01,1
856,anim_eyepose_concerned,1
857,anim_launch_startdriving_01,1
858,anim_lookinplaceforfaces_keepalive_long_04_head_angle_-20,1
859,anim_chargerdocking_leftturn_01,1
860,anim_eyepose_squint,1
861,anim_explorer_idle_02_head_angle_10,1
862,anim_feedback_iloveyou_02,1
863,anim_explorer_idle_03_head_angle_-10,1
864,anim_generic_look_up_01,1
865,anim_reacttoblock_frustrated_01,1
866,anim_chargerdocking_reaction_01,1
867,anim_reacttoblock_react_01,1
868,anim_pairing_icon_update,1
869,soundTestAnimBell,1
870,anim_launch_wakeup_02,1
871,anim_referencing_giggle_01_head_angle_40,1
872,anim_eyepose_all_faces,1
873,anim_getin_tts_01,1
874,anim_volume_stage_03,1
875,anim_referencing_curious_01_head_angle_40,1
876,anim_chargerdocking_searchforchargerturns_default_01,1
877,anim_observe_oncharger_getout_01,1
878,anim_reacttocliff_turtleroll_06,1
879,anim_keepaway_idleliftdown_02,1
880,anim_rtshake_lv2rtonhand_01,1
881,anim_reacttocliff_turnright_180_01,1
882,anim_cubedocking_drive_loop_01,1
883,anim_referencing_squint_02_head_angle_-20,1
884,anim_reacttoblock_react_short_02,1
885,anim_petting_blissloop_02,1
886,anim_rtshake_lv2loop_01,1
887,anim_pairing_icon_wifi,1
888,anim_knowledgegraph_searching_getin_01,1
889,anim_meetvictor_sayname_01,1
890,anim_freeplay_reacttoface_sayname_03,1
891,anim_reacttocliff_stop_01,1
892,anim_meetvictor_getin_01_head_angle_20,1
893,anim_howold_slowloop_01,1
894,ANIMATION_TEST,1
895,anim_communication_cantdothat_01,1
896,anim_lookinplaceforfaces_keepalive_long,1
897,anim_rtsound_offcharger_observe_30left_01,1
898,anim_message_announce_tonoone_01,1
899,anim_petting_bliss_getout_01,1
900,anim_fistbump_requestonce_02,1
901,anim_dancebeat_pivot_left_01,1
902,anim_wakeword_turn_behind_right_01,1
903,anim_eyepose_default,1
904,anim_lookinplaceforfaces_keepalive_long_02_head_angle_20,1
905,anim_onboarding_lookdown_lookaround_01,1
906,anim_gotosleep_sleeping_03,1
907,anim_timercancel_01,1
908,anim_pounce_03,1
909,anim_turn_right_01,1
910,anim_reacttocliff_stuckleftside_02,1
911,anim_pounce_02,1
912,anim_greeting_goodmorning_01,1
913,anim_slowbump_getinbackward_01,1
914,anim_movement_left_01,1
915,anim_rtsound_oncharger_observe_150right_01,1
916,anim_meetvictor_lookface_loop_01,1
917,anim_cube_drive_getout_01,1
918,anim_rtmotion_turn45left_01,1
919,anim_dizzy_pickup_01,1
920,anim_freeplay_reacttoface_sayname_02,1
921,anim_inspectheldcube_loop_05,1
922,anim_launch_reacttocubepickup,1
923,anim_explorer_idle_03_head_angle_20,1
924,anim_slowpoke_loop_02,1
925,anim_meetvictor_youarebob_01,1
926,anim_rtsound_offcharger_asleep_front_01,1
927,anim_rtsound_offcharger_asleep_120right_01,1
928,anim_pairing_icon_awaitingapp,1
929,anim_gazing_lookatfaces_getin_right_01_head_angle_20,1
930,anim_cubeconnection_loop_02,1
931,anim_tts_loop_03,1
932,anim_volume_stage_max,1
933,anim_movement_lookinplaceforfaces_medium_head_angle_40,1
934,anim_referencing_giggle_01_head_angle_20,1
935,anim_eyecontact_squint_01_head_angle_-20,1
936,anim_wakeword_turn_behind_left_01,1
937,anim_dancebeat_eyehold_01,1
938,anim_launch_wakeup_enddriving_01,1
939,anim_hiking_lookaround_01,1
940,anim_driving_upset_start_01,1
941,anim_dancebeat_idle_01,1
942,anim_gotosleep_sleeping_04,1
943,anim_gazing_lookatsurfaces_getin_right_01_head_angle_40,1
944,anim_movement_lookinplaceforfaces_medium,1
945,anim_heldonpalm_edge_nervous_01,1
946,anim_cubedocking_drive_getin_01,1
947,anim_rtpickup_reaction_01,1
948,anim_keepaway_backup_01,1
949,anim_eyepose_sad_down,1
950,anim_slowpoke_loop_04,1
951,anim_wakeword_turn_right_01,1
952,anim_loco_driving01_start_02,1
953,anim_referencing_curious_01_head_angle_-20,1
954,anim_feedback_goodrobot_01,1
955,anim_vc_alrighty_01,1
956,anim_pounce_04,1
957,anim_petting_getin_01,1
958,anim_chargerdocking_searchforchargerturns_02,1
959,anim_slowpoke_getin_04,1
960,anim_rtsound_oncharger_observe_30left_01,1
961,anim_dizzy_pickup_02,1
962,anim_chargerdocking_searchforcharger_01,1
963,anim_keepaway_idleliftdown_01,1
964,anim_rtpkeepaway_reacttocube_01,1
965,anim_rtsound_offcharger_asleep_30left_01,1
966,anim_onboarding_cube_drive_getout_01,1
967,anim_rtsound_oncharger_asleep_30right_01,1
968,anim_onboarding_reacttoface_happy_01_head_angle_-20,1
969,anim_hiking_driving_loop_01,1
970,anim_petting_blissloop_01,1
971,anim_rtp_blackjack_request_01,1
972,anim_explorer_idle_03_head_angle_-20,1
973,anim_lookatphone_getin_01,1
974,anim_eyepose_hurt,1
975,anim_turn_left_01,1
976,anim_heldonpalm_edge_relaxed_01,1
977,anim_reacttoblock_stuckonblock_01,1
978,anim_cube_drive_loop_01,1
979,anim_reacttoface_unidentified_03_head_angle_-20,1
980,anim_blackjack_victorpush_01,1
981,anim_blackjack_speech_tts_01,1
982,anim_show_fake,0
